City_ID,City,Latitude,Longitude,Max Temp,Humidity,Cloudiness,Wind Speed,Country,Date
0,Itaú de Minas,-20.7394,-46.7522,79.11,78,98,5.21,BR,1611767711
1,Roblin,51.23,-101.3565,-10.7,87,60,6.35,CA,1611767711
2,Kasongo-Lunda,-6.4667,16.8167,72.63,89,100,2.33,CD,1611767711
3,Albany,42.6001,-73.9662,32.0,64,93,13.0,US,1611767160
4,São Filipe,14.8961,-24.4956,76.93,62,0,5.66,CV,1611767238
5,Aklavik,68.2191,-135.0107,-13.0,84,100,2.3,CA,1611767254
6,Puerto Ayora,-0.7393,-90.3518,82.4,74,75,12.66,EC,1611766947
7,Mataura,-46.1927,168.8643,53.01,76,71,23.0,NZ,1611767195
8,Flin Flon,54.7682,-101.865,-18.4,76,75,4.63,CA,1611767254
9,Busselton,-33.65,115.3333,52.0,79,0,12.77,AU,1611767145
10,Port Elizabeth,-33.918,25.5701,66.2,94,75,8.05,ZA,1611767209
11,Port Alfred,-33.5906,26.891,68.0,92,91,3.0,ZA,1611767184
12,Weymouth,42.2209,-70.9398,36.0,80,90,6.91,US,1611767713
13,Khatanga,71.9667,102.5,-28.71,80,1,8.5,RU,1611766926
14,Faya,18.3851,42.4509,62.6,72,0,4.61,SA,1611767231
15,Camacha,33.0833,-16.3333,64.4,82,40,6.91,PT,1611767431
16,Ribeira Grande,38.5167,-28.7,55.4,88,75,27.63,PT,1611767225
17,Teya,60.3778,92.6267,-27.09,82,100,2.51,RU,1611767714
18,Moranbah,-22.0016,148.0466,72.27,86,4,9.08,AU,1611767714
19,Hilo,19.7297,-155.09,66.2,88,75,4.61,US,1611767159
20,Erzin,36.9559,36.2,53.6,54,75,14.97,TR,1611767209
21,Dingle,10.9995,122.6711,75.51,90,100,8.05,PH,1611767172
22,Yellowknife,62.456,-114.3525,-11.0,77,90,3.44,CA,1611767193
23,Punta Arenas,-53.15,-70.9167,46.4,61,0,26.46,CL,1611766899
24,Lakes Entrance,-37.8811,147.981,63.0,86,99,5.99,AU,1611767715
25,Vostok,46.4856,135.8833,-9.76,91,100,4.92,RU,1611767245
26,Buala,-8.145,159.5921,80.6,82,79,10.6,SB,1611767211
27,Altay,47.8667,88.1167,1.62,75,5,2.8,CN,1611767325
28,Itakyry,-24.9333,-55.2167,80.6,78,75,9.22,PY,1611767715
29,Kaitangata,-46.2817,169.8464,53.01,63,46,21.99,NZ,1611767189
30,Kashgar,39.4547,75.9797,26.6,54,0,4.47,CN,1611767716
31,Hong Kong,22.2855,114.1577,64.0,85,32,10.2,HK,1611767086
32,Rikitea,-23.1203,-134.9692,79.99,70,0,13.6,PF,1611767141
33,Saldanha,-33.0117,17.9442,73.4,46,0,21.85,ZA,1611767297
34,Broome,42.2506,-75.833,27.0,86,90,11.5,US,1611767237
35,Tuktoyaktuk,69.4541,-133.0374,-14.8,76,90,6.91,CA,1611767163
36,Umba,66.6871,34.3429,9.0,95,100,13.85,RU,1611767717
37,Bethel,41.3712,-73.414,34.0,80,90,6.91,US,1611766946
38,Makakilo City,21.3469,-158.0858,73.4,78,20,4.61,US,1611767484
39,Cidreira,-30.1811,-50.2056,83.46,65,98,6.85,BR,1611767294
40,Nuuk,64.1835,-51.7216,19.4,58,1,17.27,GL,1611767515
41,Suntar,62.1444,117.6319,-45.4,78,71,2.35,RU,1611767717
42,Jamestown,42.097,-79.2353,27.0,86,90,8.23,US,1611767072
43,Koumac,-20.5667,164.2833,77.47,78,99,4.0,NC,1611767718
44,Nikolskoye,59.7035,30.7861,33.8,93,75,2.24,RU,1611767149
45,Pañgobilian,8.8011,117.8594,78.17,80,99,2.91,PH,1611767718
46,Benguela,-12.5763,13.4055,80.67,66,71,8.08,AO,1611767102
47,Kumul,42.8,93.45,20.17,81,57,2.46,CN,1611767718
48,Zhezkazgan,47.8043,67.7144,11.89,97,13,6.08,KZ,1611767718
49,Eureka,40.8021,-124.1637,48.0,74,100,7.0,US,1611767222
50,Ushuaia,-54.8,-68.3,42.8,75,75,24.16,AR,1611767162
51,Grand-Santi,4.25,-54.3833,82.18,79,56,4.72,GF,1611767719
52,Iqaluit,63.7506,-68.5145,-11.2,77,1,2.3,CA,1611767226
53,Karpathos,35.507,27.2132,50.0,66,40,27.63,GR,1611767719
54,Souillac,-20.5167,57.5167,80.6,74,20,5.75,MU,1611767223
55,San Roque,36.2107,-5.3842,66.2,77,20,12.66,ES,1611767462
56,Chokwé,-24.5333,32.9833,83.25,61,83,3.4,MZ,1611767451
57,Ponta do Sol,32.6667,-17.1,66.2,82,20,9.22,PT,1611766887
58,Kunming,25.0389,102.7183,50.0,46,0,13.42,CN,1611767719
59,Lorengau,-2.0226,147.2712,81.84,80,100,7.83,PG,1611767212
60,Port Macquarie,-31.4333,152.9167,72.0,94,90,1.14,AU,1611767621
61,Qaanaaq,77.484,-69.3632,-14.84,63,0,6.08,GL,1611767155
62,Kupang,-10.1667,123.5833,79.81,81,100,10.25,ID,1611767312
63,Saskylakh,71.9167,114.0833,-41.98,80,79,2.08,RU,1611767157
64,Jiuquan,39.7432,98.5174,19.94,74,0,4.5,CN,1611767476
65,Bagnes,46.0833,7.2167,30.99,93,90,3.44,CH,1611767720
66,Emerald,-23.5333,148.1667,77.0,73,0,5.75,AU,1611767278
67,Bambous Virieux,-20.3428,57.7575,80.6,74,20,5.75,MU,1611767231
68,General Roca,-39.0333,-67.5833,69.8,30,0,4.61,AR,1611767187
69,Basoko,1.2391,23.616,75.16,82,82,4.23,CD,1611767721
70,Safi,32.2994,-9.2372,71.08,66,0,13.42,MA,1611767721
71,Portland,45.5234,-122.6762,39.2,87,75,9.22,US,1611767254
72,Cape Town,-33.9258,18.4232,71.6,46,0,27.63,ZA,1611767061
73,Bengkulu,-3.8004,102.2655,75.22,93,100,10.74,ID,1611766937
74,Bluff,-46.6,168.3333,53.01,76,68,23.0,NZ,1611767158
75,Oktyabr'skoye,43.0645,44.7417,28.4,93,60,4.47,RU,1611767224
76,Longyearbyen,78.2186,15.6401,6.8,72,20,14.97,SJ,1611767116
77,Vaini,-21.2,-175.2,73.4,94,90,3.44,TO,1611767164
78,Butaritari,3.0707,172.7902,80.29,79,33,11.86,KI,1611767171
79,Hermanus,-34.4187,19.2345,71.01,58,67,5.01,ZA,1611767157
80,Amapá,1.0,-52.0,80.58,90,61,4.38,BR,1611767524
81,Santa Cruz de Tenerife,28.4682,-16.2546,69.8,78,0,3.44,ES,1611767722
82,Araouane,18.9048,-3.5265,84.31,12,0,8.84,ML,1611767472
83,Atuona,-9.8,-139.0333,78.03,77,2,14.94,PF,1611767140
84,Kapaa,22.0752,-159.319,73.4,88,75,13.8,US,1611766892
85,Hobart,-42.8794,147.3294,55.4,54,90,5.75,AU,1611767153
86,Saint Paul Harbor,57.79,-152.4072,28.4,80,90,1.83,US,1611767191
87,Upernavik,72.7868,-56.1549,-0.13,91,100,3.13,GL,1611767175
88,Barrow,71.2906,-156.7887,-11.2,77,90,4.61,US,1611767158
89,East London,-33.0153,27.9116,66.2,94,90,13.8,ZA,1611767174
90,Chokurdakh,70.6333,147.9167,-19.41,86,100,13.94,RU,1611767172
91,Bastrop,32.7562,-91.8724,53.01,66,1,3.44,US,1611767724
92,Flinders,-34.5833,150.8552,68.0,83,98,1.99,AU,1611767282
93,Jumla,29.2747,82.1838,34.09,49,0,5.35,NP,1611767724
94,Petropavlovsk-Kamchatskiy,53.0452,158.6483,10.4,67,0,8.95,RU,1611767228
95,Nome,64.5011,-165.4064,-4.0,84,1,3.44,US,1611767230
96,Hasaki,35.7333,140.8333,39.2,70,75,11.5,JP,1611767551
97,Oistins,13.0667,-59.5333,84.2,58,40,21.85,BB,1611767724
98,Cherskiy,68.75,161.3,-24.5,84,100,3.53,RU,1611766906
99,Tuatapere,-46.1333,167.6833,53.01,76,78,23.0,NZ,1611767225
100,Malanville,11.8685,3.3899,93.92,10,2,7.02,BJ,1611767725
101,Tasiilaq,65.6145,-37.6368,21.2,45,90,24.16,GL,1611767181
102,Thompson,55.7435,-97.8558,-18.4,83,90,4.61,CA,1611767039
103,Chapais,49.7834,-74.8492,21.2,79,90,6.91,CA,1611767725
104,Padang,-0.9492,100.3543,73.4,94,75,3.44,ID,1611766887
105,Pitimbu,-7.4706,-34.8086,87.8,62,75,13.8,BR,1611767287
106,Nanortalik,60.1432,-45.2371,24.6,90,100,4.92,GL,1611767175
107,Sibolga,1.7427,98.7792,76.1,83,99,3.83,ID,1611767255
108,Gamba,-2.65,10.0,77.61,86,99,3.42,GA,1611767292
109,Husavik,66.0449,-17.3389,19.4,86,75,2.3,IS,1611767566
110,Mayo,38.8876,-76.5119,43.0,65,90,5.75,US,1611766944
111,Torbay,47.6666,-52.7314,30.99,86,75,12.66,CA,1611767165
112,San Francisco,37.7749,-122.4194,53.6,71,75,11.5,US,1611767413
113,Palu,-0.8917,119.8707,75.88,82,64,1.61,ID,1611767726
114,Ukiah,39.1502,-123.2078,46.0,93,90,6.2,US,1611767726
115,Saint George,37.1041,-113.5841,39.0,60,90,14.97,US,1611767217
116,Bandarbeyla,9.4942,50.8122,74.39,72,61,19.55,SO,1611767283
117,Mil'kovo,54.7167,158.6167,4.28,85,16,2.68,RU,1611767727
118,Carnarvon,-24.8667,113.6333,75.2,83,0,23.02,AU,1611766937
119,Capitán Bado,-23.2667,-55.5333,70.2,96,100,14.79,PY,1611767727
120,Amga,60.8953,131.9608,-41.1,79,100,2.28,RU,1611767273
121,Codrington,-38.2667,141.9667,58.5,83,10,11.7,AU,1611767727
122,Bayburt,40.2589,40.2278,24.24,88,95,6.35,TR,1611767650
123,Isangel,-19.55,169.2667,79.43,84,100,16.51,VU,1611767296
124,San Quintín,30.4833,-115.95,54.79,46,6,1.5,MX,1611767333
125,Narsaq,60.9167,-46.05,37.4,30,75,39.12,GL,1611767728
126,Kruisfontein,-34.0033,24.7314,66.0,88,77,5.99,ZA,1611767335
127,Katsuura,35.1333,140.3,46.4,66,75,13.8,JP,1611767237
128,Arraial do Cabo,-22.9661,-42.0278,93.2,51,0,24.16,BR,1611767199
129,Kudahuvadhoo,2.6708,72.8944,81.01,74,10,19.86,MV,1611767728
130,Cerritos,33.8583,-118.0648,55.0,50,90,9.22,US,1611767728
131,Tongchuanshi,35.0806,109.0897,30.67,71,4,4.34,CN,1611767728
132,Vallenar,-28.5708,-70.7581,90.7,20,0,11.83,CL,1611767268
133,Dikson,73.5069,80.5464,-21.89,86,100,8.3,RU,1611767203
134,Solnechnyy,50.7214,136.6319,-11.13,86,100,3.51,RU,1611767212
135,Chui,-33.6971,-53.4616,84.94,53,99,4.68,UY,1611766961
136,Kedrovyy,56.1667,91.8167,8.6,72,75,15.66,RU,1611767729
137,Vila Franca do Campo,37.7167,-25.4333,62.6,94,20,14.97,PT,1611767237
138,Shakiso,5.75,38.9167,64.42,31,0,5.12,ET,1611767729
139,Grand-Lahou,5.1367,-5.0242,82.17,75,31,11.12,CI,1611767729
140,Saint Lawrence,36.0553,14.204,55.99,82,75,16.11,MT,1611767729
141,Bathsheba,13.2167,-59.5167,82.4,61,40,21.85,BB,1611766870
142,Hamilton,39.1834,-84.5333,33.01,79,88,5.64,US,1611767149
143,Lüderitz,-26.6481,15.1594,73.47,48,0,33.42,NA,1611767148
144,Cootamundra,-34.65,148.0333,66.0,70,81,11.99,AU,1611767730
145,Provideniya,64.3833,-173.3,-0.76,88,100,23.49,RU,1611767175
146,Lamesa,32.7376,-101.951,39.99,43,0,5.01,US,1611767730
147,Pevek,69.7008,170.3133,-25.71,85,100,2.04,RU,1611767190
148,Mar del Plata,-38.0023,-57.5575,73.4,53,20,16.11,AR,1611767062
149,Zhicheng,30.2956,111.5047,41.0,89,64,3.58,CN,1611767730
150,Geraldton,-28.7667,114.6,66.2,68,0,20.71,AU,1611767177
151,Ostrovnoy,68.0531,39.5131,9.86,94,100,20.45,RU,1611767314
152,Beloha,-25.1667,45.05,78.13,77,6,15.52,MG,1611767279
153,Kabanjahe,3.1001,98.4908,77.0,94,40,3.44,ID,1611767731
154,College,64.8569,-147.8028,-23.8,76,1,2.1,US,1611766875
155,Dustlik,40.5247,68.0358,37.22,75,0,1.63,UZ,1611767731
156,Sittwe,20.15,92.9,66.72,59,0,10.38,MM,1611767539
157,New Norfolk,-42.7826,147.0587,54.0,62,87,0.74,AU,1611766880
158,Hailar,49.2,119.7,-18.15,87,89,7.11,CN,1611767503
159,Glossa,35.4717,23.7763,51.01,76,75,19.57,GR,1611767732
160,San Isidro,-12.1167,-77.05,71.01,78,75,8.05,PE,1611767732
161,Tomigusuku,26.185,127.675,64.4,68,75,12.66,JP,1611767732
162,Salekhard,66.53,66.6019,-30.3,83,100,4.16,RU,1611767732
163,Avarua,-21.2078,-159.775,80.6,78,40,9.22,CK,1611767141
164,Santa Maria,-29.6842,-53.8069,80.6,83,75,12.66,BR,1611767732
165,Norman Wells,65.282,-126.8329,-31.0,75,40,2.3,CA,1611767144
166,Faanui,-16.4833,-151.75,80.53,73,39,14.41,PF,1611767158
167,Kushima,31.4583,131.2333,44.01,93,4,4.0,JP,1611767732
168,Samarinda,-0.5,117.15,74.55,96,98,1.74,ID,1611767733
169,Lagunas,-5.2269,-75.6753,81.14,87,82,4.41,PE,1611767733
170,Vardø,70.3705,31.1107,24.8,74,75,26.46,NO,1611766989
171,Ginir,7.1333,40.7,61.61,32,4,4.79,ET,1611767565
172,Saint-Philippe,-21.3585,55.7679,80.6,74,0,9.22,RE,1611767167
173,Arlit,18.7369,7.3853,78.28,12,0,7.14,NE,1611767735
174,Port-Gentil,-0.7193,8.7815,80.6,78,20,10.16,GA,1611767735
175,Oktyabr'skiy,54.4815,53.471,21.9,96,100,13.76,RU,1611767316
176,Fortuna,40.5982,-124.1573,46.99,87,40,21.85,US,1611767192
177,Tura,25.5198,90.2201,58.33,62,0,3.02,IN,1611767347
178,Hergla,36.0303,10.509,59.0,63,40,1.88,TN,1611767735
179,Honiara,-9.4333,159.95,78.82,81,99,5.5,SB,1611767735
180,Calatayud,41.3535,-1.6432,68.0,42,40,12.66,ES,1611767735
181,Waipawa,-41.4122,175.5153,63.0,82,75,28.77,NZ,1611767454
182,Clyde River,70.4692,-68.5914,-7.6,71,40,4.61,CA,1611767161
183,Vao,-22.6667,167.4833,77.58,86,100,23.11,NC,1611767153
184,Airai,-8.9266,125.4092,61.68,100,100,3.56,TL,1611767167
185,Coyhaique,-45.5752,-72.0662,57.2,54,75,9.22,CL,1611767736
186,Vizinga,61.0749,50.1031,31.42,98,100,8.95,RU,1611767736
187,Shenjiamen,29.9576,122.298,45.57,83,100,8.57,CN,1611767736
188,Castro,-24.7911,-50.0119,75.11,85,100,10.18,BR,1611767154
189,Caxito,-8.5785,13.6643,82.4,74,20,9.22,AO,1611767737
190,Gazojak,41.1875,61.4036,33.06,89,0,8.68,TM,1611767737
191,Camocim,-2.9022,-40.8411,85.53,62,49,12.1,BR,1611767737
192,Khabary,53.6259,79.5345,23.07,98,100,10.25,RU,1611767737
193,Constitución,-35.3333,-72.4167,66.76,49,29,17.72,CL,1611767737
194,Avera,33.194,-82.5271,55.4,79,90,5.75,US,1611767214
195,Port Augusta,-32.5,137.7667,73.0,77,100,6.31,AU,1611767738
196,Pittsburg,38.028,-121.8847,52.0,76,75,12.66,US,1611767738
197,Santa Maria do Suaçuí,-18.1903,-42.4142,81.41,58,91,6.62,BR,1611767738
198,Salalah,17.0151,54.0924,75.2,69,0,6.91,OM,1611767005
199,La Asuncion,11.0333,-63.8628,79.47,75,77,17.0,VE,1611767738
200,Ca Mau,9.1769,105.15,75.67,85,89,6.2,VN,1611767738
201,Meadow Lake,34.8014,-106.5436,33.01,63,1,3.76,US,1611767738
202,São Miguel do Araguaia,-13.275,-50.1628,87.73,60,73,3.69,BR,1611767662
203,Derzhavīnsk,51.1,66.3167,17.62,98,99,10.51,KZ,1611767739
204,Proddatūr,14.7333,78.55,70.93,74,97,8.34,IN,1611767739
205,Saint-Augustin,51.226,-58.6502,20.98,92,26,9.15,CA,1611767281
206,Abu Samrah,35.3029,37.1841,52.16,52,100,3.18,SY,1611767224
207,Savannah Bight,16.45,-85.85,86.0,62,20,3.44,HN,1611767739
208,Puri,19.8,85.85,69.8,73,0,2.3,IN,1611767258
209,Ahipara,-35.1667,173.1667,62.35,92,40,2.66,NZ,1611767208
210,Nianzishan,47.5167,122.8833,-8.91,82,0,6.04,CN,1611767739
211,Rosarito,32.3333,-117.0333,51.8,54,40,9.22,MX,1611767662
212,Kirya,-3.9167,37.4833,80.38,46,0,14.81,TZ,1611767740
213,Rome,43.2128,-75.4557,28.0,74,90,10.36,US,1611767740
214,São Félix do Xingu,-6.6447,-51.995,87.96,62,92,0.94,BR,1611767740
215,Puerto Escondido,15.85,-97.0667,85.01,44,43,3.71,MX,1611767156
216,Tessalit,20.1986,1.0114,83.82,12,0,9.8,ML,1611767740
217,Mwinilunga,-11.7358,24.4293,64.2,95,95,1.52,ZM,1611767740
218,Dabakala,8.3667,-4.4333,98.26,9,0,4.83,CI,1611767473
219,Hirara,24.8,125.2833,64.22,74,99,14.03,JP,1611767231
220,Port Blair,11.6667,92.75,79.57,80,82,11.97,IN,1611767162
221,Chīma,30.6854,76.0863,47.73,53,0,3.69,IN,1611767741
222,Mount Gambier,-37.8333,140.7667,55.4,100,75,9.22,AU,1611767229
223,Mpulungu,-8.7623,31.1141,74.12,69,85,1.66,ZM,1611767741
224,Mahébourg,-20.4081,57.7,80.6,74,20,5.75,MU,1611767169
225,Wajima,37.4,136.9,40.1,71,88,16.75,JP,1611767741
226,Lebu,-37.6167,-73.65,61.03,65,94,8.5,CL,1611767195
227,Sitka,57.0531,-135.33,24.8,46,1,8.84,US,1611767176
228,Synya,65.3718,58.0387,0.72,93,100,6.06,RU,1611767742
229,Houma,29.5958,-90.7195,69.01,83,75,11.5,US,1611767199
230,Nishihara,26.1842,127.7558,64.4,68,75,12.66,JP,1611767742
231,Pozo Colorado,-23.4923,-58.7972,86.11,70,65,8.05,PY,1611767742
232,Bredasdorp,-34.5322,20.0403,73.4,38,81,6.91,ZA,1611767195
233,Santa Rosa,14.3122,121.1114,78.01,94,40,11.56,PH,1611767704
234,Carutapera,-1.195,-46.02,86.83,60,56,8.05,BR,1611767233
235,Tulun,54.5611,100.5792,-9.26,90,100,10.65,RU,1611767743
236,George Town,5.4112,100.3354,78.01,88,40,3.22,MY,1611767138
237,Lata,40.1629,-8.3327,60.01,99,100,2.21,PT,1611767197
238,Tomatlán,19.9333,-105.25,82.67,32,48,3.49,MX,1611767743
239,Laguna,38.421,-121.4238,48.0,81,90,17.27,US,1611767204
240,Maracaçumé,-2.0428,-45.9592,85.82,73,55,6.13,BR,1611767472
241,Merauke,-8.4667,140.3333,79.63,87,100,12.19,ID,1611767318
242,Harlingen,26.1906,-97.6961,66.0,48,90,20.71,US,1611767744
243,Noyabrsk,63.1994,75.4507,-39.12,81,16,8.05,RU,1611767744
244,Hobyo,5.3505,48.5268,76.66,74,74,19.86,SO,1611767744
245,Khunti,23.0833,85.2833,59.0,67,1,4.7,IN,1611767707
246,Cayenne,4.9333,-52.3333,84.2,65,75,11.5,GF,1611767206
247,Rodeo,38.033,-122.2669,52.0,76,75,12.66,US,1611767744
248,Xudat,41.631,48.681,44.13,73,18,1.16,AZ,1611767745
249,Bahía de Caráquez,-0.6,-80.4167,82.4,74,75,6.91,EC,1611767745
250,Christchurch,-43.5333,172.6333,63.0,88,20,18.41,NZ,1611767574
251,Tazovsky,67.4667,78.7,-38.54,81,44,5.01,RU,1611767169
252,Cassilândia,-19.1133,-51.7342,86.76,60,99,8.68,BR,1611767668
253,Bandi̇̄pur,27.9333,84.4167,42.66,77,0,2.08,NP,1611767745
254,Xinmin,41.9908,122.8253,24.8,93,90,6.71,CN,1611767746
255,Isabela,6.7085,121.9711,77.32,83,99,1.21,PH,1611767746
256,Zhigansk,66.7697,123.3711,-47.94,76,59,7.05,RU,1611767227
257,Gladstone,-23.85,151.25,77.0,73,75,4.61,AU,1611767746
258,Westport,41.1415,-73.3579,37.0,75,90,9.22,US,1611767184
259,Marabu,4.4148,114.0089,77.0,94,40,2.3,MY,1611767746
260,Balikpapan,-1.2675,116.8289,75.96,89,97,3.47,ID,1611767746
261,Middlesbrough,54.5762,-1.2348,41.0,93,75,8.05,GB,1611767747
262,Batagay,67.6333,134.6333,-48.33,74,68,0.74,RU,1611767747
263,Auki,-8.7676,160.7034,79.74,84,95,10.02,SB,1611767304
264,Miramar,25.9873,-80.2323,84.0,47,20,12.66,US,1611767747
265,Narok,-1.0783,35.8601,62.98,52,50,6.42,KE,1611767747
266,Sandy Bay,-42.913,147.3532,55.4,54,90,5.75,AU,1611767747
267,Zonguldak,41.25,31.8333,37.09,98,98,9.64,TR,1611767747
268,Nohar,29.1833,74.7667,56.44,32,0,4.99,IN,1611767507
269,San Patricio,28.017,-97.5169,69.8,30,75,14.97,US,1611767328
270,Ballina,-28.8667,153.5667,75.2,83,90,4.61,AU,1611767242
271,Humaitá,-7.5061,-63.0208,83.26,82,91,3.94,BR,1611767748
272,Ocós,14.5094,-92.1933,87.8,55,20,6.91,GT,1611767748
273,Lompoc,34.6391,-120.4579,50.0,87,90,16.11,US,1611767239
274,Beringovskiy,63.05,179.3167,17.42,97,100,28.72,RU,1611767286
275,Mali,12.079,-12.2982,100.4,10,0,6.91,GN,1611767748
276,Digby,44.6169,-65.7655,34.0,69,79,5.75,CA,1611767586
277,Paita,-5.0892,-81.1144,86.0,54,0,17.27,PE,1611767748
278,Kirakira,-10.4544,161.9205,80.49,82,83,10.11,SB,1611767161
279,Yar-Sale,66.8333,70.8333,-39.68,79,0,5.28,RU,1611767266
280,Tadine,-21.55,167.8833,77.72,85,93,17.11,NC,1611767749
281,Carlisle,40.2015,-77.1889,37.99,62,19,7.52,US,1611767656
282,Berlevåg,70.8578,29.0864,24.8,68,75,24.16,NO,1611767512
283,São José da Coroa Grande,-8.8978,-35.1478,80.69,76,96,10.6,BR,1611767749
284,Broken Hill,-31.95,141.4333,73.4,43,67,8.05,AU,1611767499
285,Pacific Grove,36.6177,-121.9166,53.01,82,75,6.91,US,1611767280
286,Isla Mujeres,21.2311,-86.731,84.2,70,40,20.71,MX,1611767750
287,Russell,32.3502,-85.1999,57.99,72,90,3.44,US,1611767564
288,Seoul,37.5683,126.9778,32.0,69,0,3.44,KR,1611767125
289,Northam,51.0333,-4.2167,52.0,98,100,5.01,GB,1611767321
290,Lagoa,39.05,-27.9833,61.09,81,28,28.43,PT,1611767205
291,Pijao,4.3342,-75.7035,78.8,65,40,4.61,CO,1611767750
292,Saint Anthony,45.0205,-93.218,12.0,56,90,4.61,US,1611767750
293,Marzuq,14.4,46.4667,61.39,52,0,2.42,YE,1611767750
294,Udachny,66.4167,112.4,-40.68,79,14,0.67,RU,1611767545
295,Kuldīga,56.974,21.9572,33.8,93,90,11.5,LV,1611767751
296,Korla,41.7597,86.1469,23.2,81,0,3.89,CN,1611767751
297,Guarujá,-23.9931,-46.2564,96.8,49,20,4.61,BR,1611767751
298,Ağdam,39.991,46.9274,44.29,60,62,1.45,AZ,1611767751
299,Nouadhibou,20.931,-17.0347,80.6,44,0,10.36,MR,1611767188
300,Esperance,-33.8667,121.9,62.6,88,75,9.22,AU,1611767241
301,Ceres,37.5949,-120.9577,46.99,81,90,12.66,US,1611767752
302,Belaya Gora,68.5333,146.4167,-24.29,87,100,4.18,RU,1611767752
303,Florina,40.782,21.4098,37.0,51,62,5.75,GR,1611767752
304,Āsosa,10.0667,34.5333,74.93,33,95,0.81,ET,1611767752
305,Yurty,56.0498,97.6348,3.58,94,100,6.42,RU,1611767752
306,Hithadhoo,-0.6,73.0833,81.46,79,17,15.19,MV,1611767154
307,Yerofey Pavlovich,53.9667,121.9667,-27.33,79,100,2.62,RU,1611767752
308,Lavrentiya,65.5833,-171.0,-3.03,88,85,13.65,RU,1611767186
309,Hofn,64.2539,-15.2082,28.4,59,0,12.66,IS,1611767176
310,Guarapari,-20.6667,-40.4975,89.01,58,40,16.11,BR,1611767753
311,Nabire,-3.3667,135.4833,76.71,92,100,4.18,ID,1611767753
312,Iquitos,-3.7481,-73.2472,86.0,70,75,3.44,PE,1611767753
313,Linjiang,41.8069,126.9078,16.97,90,99,2.71,CN,1611767753
314,Cabo San Lucas,22.8909,-109.9124,66.99,47,100,11.99,MX,1611767584
315,Yumen,40.2833,97.2,20.71,74,11,3.2,CN,1611767753
316,Manokwari,-0.8667,134.0833,77.18,81,100,10.16,ID,1611767644
317,Darnah,32.767,22.6367,54.57,59,80,20.56,LY,1611767754
318,Asău,46.4333,26.4,32.0,50,100,6.26,RO,1611767227
319,Anloga,5.7947,0.8973,86.0,74,0,12.66,GH,1611767754
320,Ladário,-19.0047,-57.6017,89.6,79,75,8.05,BR,1611767754
321,Cabedelo,-6.9811,-34.8339,87.8,62,75,13.8,BR,1611767754
322,Mitsamiouli,-11.3847,43.2844,82.87,64,66,3.18,KM,1611767754
323,Dicabisagan,17.0818,122.4157,72.72,80,85,7.2,PH,1611767754
324,Guerrero Negro,27.9769,-114.0611,58.14,49,100,5.48,MX,1611767754
325,Srednekolymsk,67.45,153.6833,-25.69,85,100,8.16,RU,1611767200
326,Los Llanos de Aridane,28.6585,-17.9182,69.8,73,75,5.75,ES,1611767172
327,Kibi,6.1649,-0.5538,91.62,27,83,3.42,GH,1611767755
328,Zeya,53.75,127.2667,-17.14,84,100,5.23,RU,1611767214
329,Blagoyevo,63.3667,47.9167,25.16,98,99,6.26,RU,1611767328
330,Anuradhapura,8.3565,80.4173,68.31,89,68,4.68,LK,1611767755
331,Moa,20.6569,-74.9403,81.54,67,33,12.26,CU,1611767755
332,Sambava,-14.2667,50.1667,79.92,78,16,2.84,MG,1611767262
333,Bireun,5.203,96.7009,77.0,86,100,3.96,ID,1611767756
334,Talcahuano,-36.7167,-73.1167,68.0,52,0,16.11,CL,1611767657
335,Aswān,24.0934,32.907,64.92,23,0,6.26,EG,1611767238
336,Fort Nelson,58.8053,-122.7002,-9.4,70,75,8.05,CA,1611767712
337,Coquimbo,-29.9533,-71.3436,66.2,72,0,12.66,CL,1611766969
338,Sur,22.5667,59.5289,68.16,72,0,10.89,OM,1611767756
339,Touros,-5.1989,-35.4608,87.8,55,40,20.71,BR,1611767166
340,Kaabong,3.4836,34.1492,73.27,33,79,12.8,UG,1611767756
341,Huicungo,-7.2833,-76.8,86.0,66,40,3.44,PE,1611767757
342,Opuwo,-18.0607,13.84,78.91,47,89,12.53,NA,1611767757
343,Tiksi,71.6872,128.8694,-38.0,83,97,1.48,RU,1611767222
344,Bolu Province,40.6667,31.5833,37.56,86,96,3.13,TR,1611767757
345,Bambanglipuro,-7.95,110.2833,76.03,91,100,8.34,ID,1611767757
346,Skjervøy,70.0311,20.9714,21.2,63,75,2.3,NO,1611767757
347,Nauta,-4.5061,-73.5757,88.97,53,84,4.21,PE,1611767757
348,Tabou,4.423,-7.3528,81.77,75,14,6.82,CI,1611767758
349,Torit,4.4133,32.5678,88.7,20,68,7.52,SS,1611767758
350,Manitouwadge,49.1215,-85.8403,3.2,66,75,8.05,CA,1611767758
351,Olavarría,-36.8927,-60.3225,89.62,16,1,3.29,AR,1611767758
352,Moose Factory,51.2585,-80.6094,3.2,78,90,9.22,CA,1611767336
353,Wuwei,37.9281,102.6414,20.64,76,0,4.18,CN,1611767758
354,Sarkand,45.41,79.9186,14.34,79,0,1.79,KZ,1611767758
355,Tank,32.2217,70.3793,52.47,35,0,1.9,PK,1611767759
356,Bereda,43.2686,-7.5406,60.01,91,100,7.0,ES,1611767759
357,Sioux Lookout,50.1001,-91.917,-11.2,77,20,4.61,CA,1611767759
358,Kuruman,-27.4524,23.4325,77.0,73,44,12.39,ZA,1611767759
359,Bjerkvik,68.5597,17.5189,25.0,63,0,6.91,NO,1611767759
360,Abilene,32.4487,-99.7331,44.6,53,1,21.85,US,1611767759
361,San Policarpo,12.1791,125.5072,79.09,83,100,12.44,PH,1611767218
362,Kabalo,-6.05,26.9167,75.83,81,62,1.03,CD,1611767760
363,Necochea,-38.5473,-58.7368,73.0,46,0,5.99,AR,1611767073
364,Storebø,60.0948,5.2271,28.0,80,20,2.3,NO,1611767760
365,Sjøvegan,68.8726,17.8474,25.0,58,75,13.8,NO,1611767760
366,Aykhal,66.0,111.5,-36.27,74,30,1.7,RU,1611767760
367,Ndélé,8.4109,20.6473,87.33,18,98,5.19,CF,1611767761
368,Brae,60.3964,-1.353,35.6,75,20,5.75,GB,1611767266
369,Boca do Acre,-8.7522,-67.3978,79.27,88,100,2.91,BR,1611767761
370,Namatanai,-3.6667,152.4333,80.58,82,75,8.9,PG,1611767185
371,Turaif,31.6725,38.6637,62.6,42,75,9.22,SA,1611767550
372,Port Lincoln,-34.7333,135.8667,63.7,80,0,13.04,AU,1611767222
373,Luanda,-8.8368,13.2343,82.4,74,20,9.22,AO,1611767244
374,Paungde,18.4833,95.5,71.46,44,0,4.9,MM,1611767762
375,Kungurtug,50.5994,97.5228,-2.45,86,100,1.16,RU,1611767762
376,Labuhan,-6.8844,112.2051,78.37,86,100,9.69,ID,1611767762
377,Shumskiy,54.8318,99.1328,0.95,90,100,7.76,RU,1611767762
378,Olafsvik,64.8945,-23.7142,30.7,87,100,17.98,IS,1611767163
379,Scarborough,54.2797,-0.4044,42.01,93,99,1.99,GB,1611767763
380,Redmond,47.674,-122.1215,37.99,88,100,2.64,US,1611767541
381,Kunashak,55.7032,61.5498,28.4,80,0,6.71,RU,1611767763
382,Saint-Joseph,-21.3667,55.6167,80.6,69,28,6.91,RE,1611767763
383,Alofi,-19.0595,-169.9187,75.2,94,100,6.91,NU,1611766940
384,San Joaquin,37.9333,-121.3011,48.2,76,1,23.02,US,1611767763
385,Banda Aceh,5.5577,95.3222,78.49,81,100,3.76,ID,1611767763
386,Sühbaatar,50.2314,106.2078,-18.33,82,0,4.81,MN,1611767764
387,Paamiut,61.994,-49.6678,22.93,82,12,7.14,GL,1611767334
388,Coahuayana Viejo,18.7333,-103.6833,84.74,41,73,2.77,MX,1611767191
389,Celestún,20.8667,-90.4,82.13,67,0,5.77,MX,1611767764
390,Kalemie,-5.9475,29.1947,72.73,77,14,2.71,CD,1611767764
391,Nyurba,63.2842,118.3319,-45.8,78,64,2.44,RU,1611767227
392,Saurimo,-9.6608,20.3916,69.8,83,90,2.44,AO,1611767764
393,Suffolk,40.8668,-72.7996,36.0,75,75,16.11,US,1611767706
394,Roebourne,-20.7833,117.1333,84.47,56,0,17.29,AU,1611767765
395,Colorado Springs,38.8339,-104.8214,30.0,74,0,1.01,US,1611767531
396,Astoria,46.1879,-123.8313,37.0,93,1,8.05,US,1611767604
397,Bowen,-20.0167,148.2333,75.2,88,38,6.91,AU,1611767226
398,Ishigaki,24.3448,124.1572,65.08,77,94,15.1,JP,1611767192
399,Egvekinot,66.3167,-179.1667,-13.95,87,100,19.86,RU,1611767321
400,Sirte,31.2089,16.5887,57.42,57,29,9.17,LY,1611767324
401,Ambam,2.3833,11.2833,74.57,86,81,4.85,CM,1611767765
402,Karratha,-20.7377,116.8463,84.27,62,0,16.89,AU,1611767285
403,Port Hedland,-20.3167,118.5667,82.4,74,3,6.91,AU,1611767766
404,Itaituba,-4.2761,-55.9836,87.8,66,40,6.91,BR,1611767766
405,Tumut,-35.3,148.2167,69.8,60,95,17.27,AU,1611767766
406,St. George's,12.0564,-61.7485,86.0,58,40,19.57,GD,1611767171
407,Kavaratti,10.5669,72.642,81.01,66,9,7.7,IN,1611767211
408,Dolores,-36.3132,-57.6792,87.31,21,0,10.78,AR,1611767766
409,Nizhnyaya Omka,55.4338,74.9426,22.78,98,92,8.68,RU,1611767766
410,Severo-Kuril'sk,50.6789,156.125,24.15,93,80,3.67,RU,1611766924
411,Dakar,14.6937,-17.4441,77.0,41,0,6.91,SN,1611767767
412,Vilyuysk,63.7553,121.6247,-47.9,77,90,3.18,RU,1611767768
413,Nelson Bay,-32.7167,152.15,72.0,100,90,18.41,AU,1611767768
414,Zaoyang,32.1272,112.7542,44.08,55,80,5.61,CN,1611767768
415,Weinan,34.5036,109.5089,42.01,32,0,6.71,CN,1611767768
416,Erenhot,43.6475,111.9767,-8.07,85,63,15.03,CN,1611767768
417,Mount Isa,-20.7333,139.5,82.4,65,75,4.61,AU,1611767319
418,Hokitika,-42.7167,170.9667,58.46,86,100,10.58,NZ,1611767517
419,Kondopoga,62.2057,34.2614,28.4,100,37,1.23,RU,1611767769
420,Orocué,4.7912,-71.3354,90.28,43,50,15.46,CO,1611767769
421,Uusikaupunki,60.8004,21.4084,26.6,93,40,4.61,FI,1611767769
422,Atasū,48.6814,71.6433,21.81,98,99,2.46,KZ,1611767221
423,Meulaboh,4.1363,96.1285,78.64,81,99,3.04,ID,1611767769
424,Encruzilhada,-15.5314,-40.9094,85.17,36,69,9.33,BR,1611767472
425,Antalaha,-14.9003,50.2788,78.8,75,5,1.23,MG,1611767769
426,Qasigiannguit,68.8193,-51.1922,14.0,48,75,6.91,GL,1611767769
427,Tegul'det,57.3064,88.1667,-8.09,90,100,6.29,RU,1611767769
428,Kiryat Gat,31.61,34.7642,61.0,27,67,2.44,IL,1611767770
429,Igboho,8.8333,3.75,95.23,10,19,5.17,NG,1611767770
430,Pangody,65.85,74.4859,-39.35,82,64,6.71,RU,1611767770
431,Bagtic,9.6864,123.0122,72.23,90,100,5.12,PH,1611767770
432,Nushki,29.5542,66.0215,45.23,41,0,1.63,PK,1611767770
433,Tsabong,-26.0217,22.401,86.02,16,52,12.8,BW,1611767770
434,Pisco,-13.7,-76.2167,73.4,73,0,6.91,PE,1611766938
435,San Cristobal,7.7669,-72.225,86.0,54,40,11.5,VE,1611767116
436,Walvis Bay,-22.9575,14.5053,71.6,64,20,5.75,NA,1611767477
437,Halifax,44.6453,-63.5724,37.4,60,75,10.36,CA,1611767618
438,Muroto-misakicho,33.2833,134.15,51.08,66,0,10.31,JP,1611767771
439,Chengde,40.9725,117.9361,15.21,77,64,14.09,CN,1611767603
440,Diapaga,12.0708,1.7889,93.34,9,2,7.36,BF,1611767771
441,Dandong,40.1292,124.3947,29.77,83,100,10.58,CN,1611767771
442,Yulara,-25.2406,130.9889,78.8,69,75,17.27,AU,1611767278
443,San Andrés,12.5847,-81.7006,80.6,78,90,12.66,CO,1611767637
444,Dhandhuka,22.3667,71.9833,60.42,34,34,11.01,IN,1611767772
445,Ilulissat,69.2167,-51.1,14.0,48,75,6.91,GL,1611767203
446,Yarmouth,41.7057,-70.2286,39.99,87,90,9.22,US,1611767772
447,Ust-Kuyga,70.0167,135.6,-36.8,78,97,1.9,RU,1611767772
448,Shubarshi,48.5872,57.1869,13.44,94,1,11.86,KZ,1611767772
449,Nioro,13.35,-15.75,101.23,7,0,7.49,GM,1611767772
450,San Jose,37.3394,-121.895,50.0,81,75,12.66,US,1611767505
451,Mitchell,43.7094,-98.0298,15.8,67,90,13.8,US,1611767772
452,Mahajanga,-15.7167,46.3167,82.4,78,20,9.22,MG,1611767642
453,Laas,46.6166,10.7002,34.0,69,40,4.34,IT,1611767232
454,Leningradskiy,69.3833,178.4167,-19.82,87,100,3.96,RU,1611767253
455,Palimbang,6.2106,124.1894,76.19,71,86,4.5,PH,1611767773
456,Kodino,63.7198,39.6447,28.2,98,100,1.97,RU,1611767773
457,Atar,20.5169,-13.0499,89.42,9,0,15.3,MR,1611767773
458,Karasuk,53.7377,78.0403,26.11,98,100,11.88,RU,1611767773
459,Kottagūdem,17.55,80.6333,71.35,79,33,8.16,IN,1611767773
460,Oranjemund,-28.55,16.4333,65.41,79,0,22.17,NA,1611767773
461,Marsh Harbour,26.5412,-77.0636,77.36,74,12,11.5,BS,1611767773
462,Putnok,48.3,20.4333,29.34,94,97,1.99,HU,1611767774
463,The Valley,18.217,-63.0578,84.2,65,40,16.11,AI,1611767774
464,Te Anau,-45.4167,167.7167,46.89,78,92,7.38,NZ,1611767235
465,San Lazaro,18.0387,-88.6622,84.2,89,1,18.41,BZ,1611767774
466,Mujiayingzi,42.1167,118.7833,2.44,82,75,11.07,CN,1611767774
467,Ust'ye,59.6304,39.736,29.03,98,100,10.78,RU,1611767774
468,Aripuanã,-9.1667,-60.6333,83.73,74,99,3.71,BR,1611767476
469,Ordzhonīkīdze,52.4411,61.7408,17.49,95,100,10.56,KZ,1611767774
470,Urubichá,-15.3833,-62.95,82.35,75,80,6.71,BO,1611767775
471,Jericó,5.7921,-75.786,73.0,60,75,6.91,CO,1611767775
472,Klaksvík,62.2266,-6.589,30.2,100,20,3.44,FO,1611767275
473,Caravelas,-17.7125,-39.2481,84.81,53,100,10.07,BR,1611767303
474,Baykal'sk,51.5058,104.1469,-5.15,77,59,4.72,RU,1611767602
475,Columbus,39.9612,-82.9988,33.01,86,90,9.22,US,1611767475
476,Along,28.1667,94.7667,52.92,64,0,1.86,IN,1611767219
477,Okhotsk,59.3833,143.3,-13.81,78,58,10.63,RU,1611767490
478,Novyy Yegorlyk,46.3927,41.8716,37.89,89,100,15.28,RU,1611767776
479,Mawlaik,23.6333,94.4167,63.82,70,66,1.54,MM,1611767776
480,Hailākāndi,24.6833,92.5667,57.69,67,0,2.37,IN,1611767776
481,Kahramanmaraş Province,38.0,37.0,53.6,40,75,23.02,TR,1611767670
482,Tezu,27.9167,96.1667,59.97,31,0,4.54,IN,1611767492
483,Port Moresby,-9.4431,147.1797,78.8,94,40,8.05,PG,1611767645
484,Přibyslav,49.5768,15.7386,28.99,99,97,4.76,CZ,1611767777
485,Pundaguitan,6.3711,126.1689,80.64,80,100,15.82,PH,1611767777
486,Fuling,29.7022,107.3919,43.97,82,2,1.01,CN,1611767777
487,Alyangula,-13.8483,136.4192,80.6,89,90,4.61,AU,1611767339
488,Ancud,-41.8697,-73.8203,57.2,82,75,11.5,CL,1611767777
489,Campeche,19.0,-90.5,88.47,48,6,5.39,MX,1611767778
490,Indian Head,38.6001,-77.1622,43.0,66,80,10.0,US,1611767778
491,Rabo de Peixe,37.8,-25.5833,66.0,94,20,16.11,PT,1611767778
492,Yeppoon,-23.1333,150.7333,77.0,78,75,5.75,AU,1611767778
493,Malakal,9.5334,31.6605,88.63,20,9,6.71,SS,1611767316
494,Muros,42.7762,-9.0603,59.0,91,100,5.99,ES,1611767307
495,Suleya,55.1352,58.8792,20.91,95,30,5.99,RU,1611767778
496,Mazamari,-11.3258,-74.5308,74.55,79,100,1.19,PE,1611767778
497,Ozernovskiy,51.5,156.5167,17.73,91,77,7.72,RU,1611767779
498,Kalashnikovo,57.2824,35.2262,27.61,99,95,4.65,RU,1611767779
499,Punta Gorda,26.9298,-82.0454,80.6,61,1,12.66,US,1611767779
500,Economy,40.6001,-80.2248,30.0,64,90,9.22,US,1611767779
501,Acajutla,13.5928,-89.8275,80.6,69,0,3.44,SV,1611767779
502,Weihai,37.5017,122.1136,39.72,71,100,26.66,CN,1611767779
503,Lethem,3.3803,-59.7968,90.81,44,75,12.68,GY,1611767291
504,Hengshui,37.7322,115.7011,34.39,57,0,19.37,CN,1611767517
505,Uyuni,-20.4597,-66.825,57.27,30,0,13.18,BO,1611767780
506,Otukpo,7.1913,8.1329,96.82,12,55,5.01,NG,1611767780
507,Barcelos,41.5388,-8.6151,59.0,94,75,9.22,PT,1611767619
508,Ende,-8.8432,121.6623,79.45,79,100,4.52,ID,1611767780
509,Casper,42.8666,-106.3131,27.0,63,1,23.02,US,1611767534
510,Half Moon Bay,37.4636,-122.4286,53.01,93,75,13.8,US,1611767768
511,Beidao,34.5686,105.8933,28.69,76,60,1.63,CN,1611767780
512,Tirumullaivāsal,11.2333,79.8333,74.84,74,68,10.04,IN,1611767781
513,Tongliao,43.6125,122.2653,2.71,91,94,9.37,CN,1611767781
514,Villazón,-22.0866,-65.5942,61.61,32,19,11.14,BO,1611767781
515,Billings Metropolitan Area,45.7833,-108.5007,17.6,86,90,3.13,US,1611767711
516,Chulym,55.0997,80.9572,25.12,98,100,10.18,RU,1611767781
517,Namikupa,-10.8333,39.6,73.8,96,24,4.74,TZ,1611767185
518,Okha,53.5739,142.9478,9.66,95,100,13.44,RU,1611767781
519,Bilma,18.6853,12.9164,73.53,18,0,10.47,NE,1611767781
520,Yerbogachën,61.2767,108.0108,-39.73,81,39,3.31,RU,1611767782
521,Ouro Sogui,15.6064,-13.3211,100.4,14,0,4.61,SN,1611767782
522,Malé,4.1748,73.5089,82.4,69,75,12.66,MV,1611767782
523,Krutinka,56.0055,71.5113,13.5,97,86,7.85,RU,1611767782
524,Cravo Norte,6.3017,-70.2041,91.8,39,92,13.94,CO,1611767782
525,Huarmey,-10.0681,-78.1522,76.95,65,100,10.31,PE,1611767249
526,Hay River,60.8156,-115.7999,-11.2,70,100,9.22,CA,1611767782
527,Port-Cartier,50.0334,-66.8654,26.6,50,70,3.44,CA,1611767782
528,Kazachinskoye,57.6953,93.2761,-9.44,90,100,4.59,RU,1611767783
529,Burnie,-41.0667,145.9167,53.01,67,100,11.01,AU,1611767783
530,Khandyga,62.6667,135.6,-52.01,76,84,0.45,RU,1611767783
531,Malinao,7.5917,124.6889,65.93,79,100,2.98,PH,1611767783
532,Oddur,4.1213,43.8894,80.78,37,1,10.87,SO,1611767783
533,Laki,41.85,24.8167,37.0,64,90,21.85,BG,1611767784
534,Mazamet,43.49,2.373,52.0,100,90,5.75,FR,1611767784
535,Caucayá,-0.1934,-74.7819,88.36,51,96,5.41,CO,1611767784
536,Aitape,-3.1374,142.3475,77.67,86,100,5.93,PG,1611767784
537,Ayorou,14.7308,0.9174,87.93,9,2,6.89,NE,1611767784
538,Praia,14.9215,-23.5087,82.4,39,0,18.41,CV,1611767784
539,Coolum Beach,-26.5333,153.1,75.99,88,4,7.43,AU,1611767784
540,Ojinaga,29.5667,-104.4167,46.4,42,1,4.61,MX,1611767263
541,Kalmunai,7.4167,81.8167,75.97,77,100,10.09,LK,1611767284
542,Arys,42.4252,68.795,30.2,93,0,2.24,KZ,1611767785
543,Mossamedes,-15.1961,12.1522,77.97,68,92,11.7,AO,1611767785
544,Kavieng,-2.5744,150.7967,83.1,73,76,10.74,PG,1611767215
